country,year,gdp_growth_pct,export_vol_bln,interest_rate,housing_price_idx
China,1973,11.56,24.66,6.13,18.94
China,1974,8.65,39.19,8.92,28.54
China,1975,10.04,48.21,7.34,15.86
China,1976,10.45,72.15,10.21,27.07
China,1977,10.11,49.37,4.73,31.44
China,1978,9.34,64.13,8.67,33.95
China,1979,11.77,91.24,6.95,37.64
China,1980,9.36,116.38,10.93,39.2
China,1981,12.53,129.07,8.85,38.25
China,1982,9.41,130.52,5.95,60.83
China,1983,11.46,148.42,5.38,42.66
China,1984,12.93,193.76,8.46,59.61
China,1985,7.42,215.43,7.39,52.73
China,1986,9.08,226.95,7.83,51.35
China,1987,9.3,268.21,7.67,66.66
China,1988,10.45,279.12,9.31,79.5
China,1989,9.07,300.62,5.85,75.68
China,1990,5.52,339.49,7.96,68.79
China,1991,5.84,373.6,4.82,77.89
China,1992,11.48,391.6,3.99,80.83
China,1993,9.04,441.49,1.16,83.85
China,1994,6.83,476.61,3.6,98.97
China,1995,9.24,524.91,5.23,111.14
China,1996,11.32,555.49,5.17,95.51
China,1997,12.34,608.02,4.68,112.01
China,1998,8.85,652.56,6.12,107.3
China,1999,9.11,690.01,1.28,122.47
China,2000,6.86,739.56,2.35,123.08
China,2001,10.19,812.62,3.97,126.71
China,2002,8.54,854.68,4.22,136.28
China,2003,10.18,906.75,3.2,148.89
China,2004,10.56,945.38,5.8,149.33
China,2005,11.05,991.6,0.94,146.1
China,2006,8.59,1062.51,2.48,156.9
China,2007,10.26,1115.86,6.41,152.82
China,2008,6.92,1211.05,1.08,167.7
China,2009,8.32,1217.48,2.42,173.18
China,2010,7,1297.97,2.27,177.19
China,2011,7.26,1379.64,1.75,178.5
China,2012,7.25,1410.21,0.84,185.29
China,2013,4.62,1496.6,2.08,189.42
China,2014,8.05,1572.14,2.19,200.82
China,2015,7.02,1637.8,1.79,202.84
China,2016,5.97,1703.48,3.42,209.06
China,2017,6.7,1785.98,3.81,213.64
China,2018,5.03,1876.59,0.51,229.17
China,2019,4.9,1927.32,1.9,230.55
China,2020,6.05,2034.15,0.27,231.94
China,2021,4.8,2109.94,0.96,244.25
China,2022,6.19,2170.83,1.07,245.8
China,2023,7.3,2252.19,1.36,255.63
South Korea,1973,6.41,59.23,10.51,29.79
South Korea,1974,9.63,71.71,7.86,18.38
South Korea,1975,12.2,85.11,6.64,27.86
South Korea,1976,8.6,96.94,5.95,22.73
South Korea,1977,5.83,113.7,10.6,36.26
South Korea,1978,5.99,139.03,9.52,29.74
South Korea,1979,7.93,144.52,10.96,31.22
South Korea,1980,10.62,158.08,6.76,45.69
South Korea,1981,9.5,170.61,8.52,42.28
South Korea,1982,3.72,187.52,5.83,39.52
South Korea,1983,6.6,204.58,8.17,46.11
South Korea,1984,7.98,213.21,6.31,61.04
South Korea,1985,5.08,240.71,8.78,60.41
South Korea,1986,9.39,250.49,7.92,63.56
South Korea,1987,3.08,272.33,10.89,70.58
South Korea,1988,8.29,284.95,8.63,70.24
South Korea,1989,7.22,302.07,7.19,56.7
South Korea,1990,7.02,303.32,3.47,75.26
South Korea,1991,7.43,327.9,3.61,71.92
South Korea,1992,8.63,338.19,4.76,77.24
South Korea,1993,8.79,354.77,5.71,77.09
South Korea,1994,7.55,367,7.1,90.2
South Korea,1995,4.15,386.08,5.15,103.23
South Korea,1996,5.12,400.47,7,97.46
South Korea,1997,3.45,404.4,5.91,107.38
South Korea,1998,2.96,434.26,4.5,100.55
South Korea,1999,2.97,445.77,4.38,102.1
South Korea,2000,2.18,455.14,6.9,111.69
South Korea,2001,1.68,469.49,2.48,104.71
South Korea,2002,4.42,486.55,4.1,107.71
South Korea,2003,2.29,497.08,4.29,102.51
South Korea,2004,1.44,520.69,0.49,109.91
South Korea,2005,2.74,542.51,3.47,122.42
South Korea,2006,2.3,550.96,4.52,128.17
South Korea,2007,0.21,567.64,-0.24,129.13
South Korea,2008,3.06,572.58,3.06,124.11
South Korea,2009,3.75,587.3,1.59,131.09
South Korea,2010,3.94,605.52,1.04,136.33
South Korea,2011,4.09,628.61,1.05,148.43
South Korea,2012,2,635.58,1.57,148.36
South Korea,2013,3.01,657.79,1.63,146.25
South Korea,2014,1.99,668.91,2.85,145.37
South Korea,2015,2.55,686.92,1.08,156.01
South Korea,2016,1.69,694.8,2.48,150.86
South Korea,2017,1.83,710.26,0.87,159.68
South Korea,2018,4.44,729.48,1.72,164.93
South Korea,2019,3.09,743.96,1.15,175.81
South Korea,2020,3.11,751.06,2.51,177.03
South Korea,2021,6.09,777.69,2.9,177.4
South Korea,2022,3.41,780.25,3.04,177.93
South Korea,2023,2.69,802.92,2.18,180.21
United States,1973,2.91,144.77,9.41,27.75
United States,1974,1.46,178.53,8.62,21.96
United States,1975,4.72,225.08,8.7,31.98
United States,1976,1.58,286.85,4.83,45.5
United States,1977,0.08,300.91,8.43,38.48
United States,1978,3.1,346.84,7.77,39.71
United States,1979,3.5,377.58,8.04,51.38
United States,1980,3.92,402.03,9.79,56.58
United States,1981,1.08,448.42,10.9,68.45
United States,1982,2.13,467.23,7.5,58.82
United States,1983,0.51,480.01,6.81,63.87
United States,1984,3.77,546.95,7.5,78.55
United States,1985,3.02,529.44,9.55,72.63
United States,1986,3.87,590.28,7.76,81.03
United States,1987,3.41,643.81,7.16,87.04
United States,1988,1.59,676.78,7.9,95.27
United States,1989,2.77,706.59,10.71,97.41
United States,1990,-0.36,769.77,1.22,98.28
United States,1991,3.25,763.61,3.37,94.23
United States,1992,3.95,767.73,1.2,102.99
United States,1993,1.19,870.61,4.17,114.73
United States,1994,-0.7,890.9,4.71,120.93
United States,1995,0.22,922.83,5.33,121.97
United States,1996,0.83,952.18,5.67,115
United States,1997,4.36,961.26,4.85,126.19
United States,1998,2.51,1010.95,4.82,124.89
United States,1999,0.64,1075.15,4.36,133.87
United States,2000,3.33,1100.38,4.05,134.53
United States,2001,-0.77,1106.62,2.79,151.37
United States,2002,2.13,1181.96,7.34,148.18
United States,2003,4.17,1220.73,2.81,162.84
United States,2004,1.99,1237.31,6.55,148.16
United States,2005,4.46,1274.67,5.41,157.32
United States,2006,5.19,1338.18,7.05,170.89
United States,2007,0.75,1352.9,5.1,167.48
United States,2008,0.77,1404.4,1.71,185.15
United States,2009,1.13,1414.1,2.92,174.95
United States,2010,3.29,1479.59,2.25,173.19
United States,2011,3.75,1483.49,-0.02,186.21
United States,2012,4.31,1538.35,0.78,189.93
United States,2013,4.45,1548.1,-0.34,194.21
United States,2014,4.11,1568.46,2.28,194.29
United States,2015,3.91,1645.03,0.63,201.32
United States,2016,2.75,1705.92,1.49,206.33
United States,2017,1.17,1688.48,2.11,209.89
United States,2018,1.41,1759.38,1.37,212.23
United States,2019,3.11,1760.26,0.65,226.09
United States,2020,5.03,1818.47,1.62,221.53
United States,2021,5.06,1815.22,0.17,234.66
United States,2022,-0.39,1875.51,3.87,226.5
United States,2023,1.25,1889.73,-1,241.2
Japan,1973,4.57,63.08,7.85,17.64
Japan,1974,5.05,90.95,6.45,25.21
Japan,1975,5.41,105.43,9.19,31.59
Japan,1976,5.67,121.15,10.66,26.47
Japan,1977,7.74,141.05,6.8,35.74
Japan,1978,3.33,154.24,8.11,37.49
Japan,1979,7.21,177.91,6.94,35.8
Japan,1980,6.01,195.95,7.84,47.68
Japan,1981,2.68,212.64,8.32,36.62
Japan,1982,4.58,230.99,7.8,59.27
Japan,1983,4.06,243.46,7.29,60.65
Japan,1984,3.6,271.68,7.06,57.58
Japan,1985,2.69,277.57,8.07,59.22
Japan,1986,4.26,314.14,7.6,67.44
Japan,1987,4.35,329.12,6.91,66.53
Japan,1988,4.51,341.6,8.75,71.1
Japan,1989,1.91,350.24,8.81,76.16
Japan,1990,5.66,377.13,3.54,78.38
Japan,1991,6.12,384.68,4.2,90.29
Japan,1992,0.04,409.65,5.42,83.8
Japan,1993,1.78,432.95,6.29,84.77
Japan,1994,1.76,451.2,3.63,86.9
Japan,1995,-0.73,465.16,3.47,92.93
Japan,1996,1.88,481.81,4.31,94.22
Japan,1997,-0.77,502.32,5.81,107.34
Japan,1998,0.95,511.04,4.17,106.79
Japan,1999,0.61,535.12,4.29,108.73
Japan,2000,0.87,564.06,5.18,113.34
Japan,2001,2.1,564.31,5.11,111.18
Japan,2002,-0.26,599.15,5.63,131.71
Japan,2003,0.73,611.64,1.07,127.13
Japan,2004,3.55,625.2,2.23,130.18
Japan,2005,-0.48,656.19,2.23,131.16
Japan,2006,0.37,662.8,4.57,133.94
Japan,2007,0.96,690.47,1.96,140.41
Japan,2008,1.2,699.12,1.04,142.13
Japan,2009,0.47,719.77,0.29,147.39
Japan,2010,0.73,732.13,2.54,144.38
Japan,2011,2.08,748.36,1.43,156.28
Japan,2012,0.82,761,1.48,145.68
Japan,2013,1.25,785.89,2.12,165.92
Japan,2014,1.37,810.64,1.92,160.12
Japan,2015,1.41,819.49,1.17,164.51
Japan,2016,1.49,837.2,0.37,166.57
Japan,2017,1.05,858.81,2.68,166.23
Japan,2018,0.29,879.8,-0.21,171.66
Japan,2019,0.94,894.53,2.88,184.81
Japan,2020,0.04,921.06,0.96,191.42
Japan,2021,1.09,934.46,3.58,178.94
Japan,2022,0.65,950.82,1.3,189.32
Japan,2023,0.88,963.49,0.95,187.99
